explosion,15324.mp3
explosion,2225.mp3
explosion,3266.mp3
explosion,3482.mp3
explosion,y1093.mp3
explosion,y1093.wav
explosion,y1632.mp3
explosion,y1835.mp3
explosion,y2016.mp3
explosion,y759.mp3
explosion,y791.mp3
explosion,y939.mp3
mohanveena,MohanVeena1.mp3
mohanveena,MohanVeena10.mp3
mohanveena,MohanVeena2.mp3
mohanveena,MohanVeena3.mp3
mohanveena,MohanVeena4.mp3
mohanveena,MohanVeena5.mp3
mohanveena,MohanVeena6.mp3
mohanveena,MohanVeena7.mp3
mohanveena,MohanVeena8.mp3
mohanveena,MohanVeena9.mp3
screaming,1303.mp3
screaming,13548.mp3
screaming,14525.mp3
screaming,15255.mp3
screaming,193ABAB94B9D48.mp3
screaming,1FD1D198021049.mp3
screaming,295DC46CA9FB48.mp3
screaming,337539321CC943.mp3
screaming,4462DA92700B46.mp3
screaming,5179.mp3
screaming,7747.mp3
screaming,9614.mp3
screaming,D5F34F0D93A640.mp3
sitar,New_Recording_24.mp3
sitar,New_Recording_25.mp3
sitar,New_Recording_26.mp3
sitar,New_Recording_28.mp3
sitar,New_Recording_29.mp3
sitar,New_Recording_30.mp3
sitar,New_Recording_31.mp3
sitar,New_Recording_32.mp3
sitar,New_Recording_33.mp3
sitar,New_Recording_34.mp3
violin,1_violin.mp3
violin,2_violin.mp3
violin,3_violin.mp3
violin,4_violin.mp3
violin,5_violin.mp3
violin,6_violin.mp3
wake,A00001_S0001.mp3
wake,A00001_S0021.mp3
wake,A00003_S0001.mp3
wake,A00003_S0021.mp3
wake,A00004_S0001.mp3
wake,A00004_S0021.mp3
wake,A00006_S0001.mp3
wake,A00006_S0021.mp3
wake,A00019_S0001.mp3
wake,A00019_S0021.mp3
wake,A00021_S0001.mp3
wake,A00021_S0021.mp3
wake,A00023_S0001.mp3
wake,A00023_S0021.mp3
wake,A00025_S0001.mp3
wake,A00025_S0021.mp3
wake,A00027_S0001.mp3
wake,A00027_S0021.mp3
wake,A00028_S0001.mp3
wake,A00028_S0021.mp3
wake,A00030_S0001.mp3
wake,A00030_S0021.mp3
wake,A00032_S0001.mp3
wake,A00032_S0021.mp3
wake,A00034_S0001.mp3
wake,A00034_S0020.mp3
wake,A00036_S0001.mp3
wake,A00036_S0021.mp3
wake,A00042_S0001.mp3
wake,A00042_S0021.mp3
wake,A00044_S0001.mp3
wake,A00044_S0021.mp3
